node_id,project_id,vsn,address,lat,lon,description,start_timestamp,end_timestamp
001e0610893c,Waggle_Others,003,TCS 4302 - Returned from CDOT 04 Dec 2017,0.0,0.0,AoT Chicago (T) - Replace,2018/01/01 00:00:00,
001e0610ba67,Waggle_Others,007,"TCS 4302 P2,S7",0.0,0.0,AoT Node (S),2018/01/01 00:00:00,
001e0610f02f,Waggle_Others,00A,"CDOT,05/31/2018",0.0,0.0,AoT Chicago (S) [CA],2018/01/01 00:00:00,
001e061089c0,Waggle_Others,00B,TCS 4302 (Returned from CDOT 4/3/17),0.0,0.0,AoT Chicago (T),2018/01/01 00:00:00,
001e06108081,Waggle_Others,00C,Returned - TCS 4302,0.0,0.0,AoT Chicago (T),2018/01/01 00:00:00,
001e06200314,Waggle_Others,00E,Returned - TCS 4302,0.0,0.0,AoT NIU (T),2018/01/01 00:00:00,
001e0610b9fd,Waggle_Others,00F,"TCS 4302,01/18/2018",0.0,0.0,AoT Chicago (T) - Returned,2018/01/01 00:00:00,
001e061089fa,Waggle_Others,011,"TCS 4302,01/18/2018",0.0,0.0,AoT Chicago (T) - Returned,2018/01/01 00:00:00,
001e06107ff0,Waggle_Others,012,TCS 4302 (Returned from CDOT 4/3/17),0.0,0.0,AoT Chicago (T),2018/01/01 00:00:00,
001e0610bbed,Waggle_Others,013,Retired as display piece. With Douglas at SAIC.,0.0,0.0,Hot Glue Humidor (T),2018/01/01 00:00:00,
001e06107e5d,Waggle_Others,014,"State St & Washington St ,[SEC] ,(9/14/2016)",0.0,0.0,AoT Chicago (T) - Replace,2018/01/01 00:00:00,
001e0610ba93,Waggle_Others,015,TCS 4302 (Brought Inside Oct 2017),0.0,0.0,Test Control Node (T),2018/01/01 00:00:00,
001e0610ba60,Waggle_Others,016,"TCS 4302,01/18/2018",0.0,0.0,AoT Chicago (T) - Returned,2018/01/01 00:00:00,
001e0610b9eb,Waggle_Others,017,TCS Somewhere?,0.0,0.0,,2018/01/01 00:00:00,
001e0610ba3f,Waggle_Others,019,"Fedex, 21/DEC/2017",0.0,0.0,Panasonic at Civic Ctr Park (S),2018/01/01 00:00:00,
001e0610bbe9,Waggle_Others,01A,TCS 4302 - Returned from CDOT 04 Dec 2017,0.0,0.0,AoT Chicago (T) - Replace,2018/01/01 00:00:00,
001e0610bc03,Waggle_Others,01B,"TCS 4302 P2,S9",0.0,0.0,AoT Node (S),2018/01/01 00:00:00,
001e0610ba13,Waggle_Others,01C,"7801 S Lawndale Ave, Chicago",0.0,0.0,AoT Chicago (S) [C] {ComEd},2018/01/01 00:00:00,
001e0610b9e1,Waggle_Others,021,TCS 4302 - Returned from CDOT 04 Dec 2017,0.0,0.0,AoT Chicago (T) - Replace,2018/01/01 00:00:00,
001e0610ba72,Waggle_Others,022,"TCS 4302 (Returned from Panasonic 4/?/17) P1,S2",0.0,0.0,Panasonic - Dead (T),2018/01/01 00:00:00,
001e0610ba51,Waggle_Others,023,TCS 4302,0.0,0.0,AoT Node (S),2018/01/01 00:00:00,
001e0610bbf5,Waggle_Others,024,TCS 4302 (Returned from NIU Oct 2017),0.0,0.0,Humidor (T),2018/01/01 00:00:00,
001e0610b9f2,Waggle_Others,026,"TCS 4302,01/18/2018",0.0,0.0,AoT Chicago (T) - Returned,2018/01/01 00:00:00,
001e0610bc09,Waggle_Others,027,"TCS 4302 P1,S6",0.0,0.0,AoT Node (S),2018/01/01 00:00:00,
001e0610b9e7,Waggle_Others,028,"Western Blvd & 35th St ,[NWC] ,(02/02/2017)",0.0,0.0,AoT Chicago (T) - Replace,2018/01/01 00:00:00,
001e0610b9f8,Waggle_Others,029,"TCS 4302,01/18/2018",0.0,0.0,AoT Chicago (T) - Returned,2018/01/01 00:00:00,
001e0610ba42,Waggle_Others,02E,Returned - TCS 4302,0.0,0.0,AoT Chicago (T) {UChicago},2018/01/01 00:00:00,
001e0610b9f6,Waggle_Others,031,Returned - TCS 4302,0.0,0.0,AoT Chicago (T) {UChicago},2018/01/01 00:00:00,
001e0610f72c,Waggle_Others,036,"TCS 4302 P1,S10",0.0,0.0,AoT Node (S) [C],2018/01/01 00:00:00,
001e0610eee9,Waggle_Others,03A,Returned - TCS 4302,0.0,0.0,AoT Chicago (S),2018/01/01 00:00:00,
001e0610eef0,Waggle_Others,03B,Returned - TCS 4302,0.0,0.0,AoT Node (S) [C],2018/01/01 00:00:00,
001e061135c8,Waggle_Others,042,"Bldg 484, EVS Field Site",41.701503,-87.994764,AoT Node (S) [C] {Argonne},2018/01/01 00:00:00,
001e0610f068,Waggle_Others,043,"TCS 4302 P1,S1",0.0,0.0,AoT Node (S) [C],2018/01/01 00:00:00,
001e0610f8f7,Waggle_Others,049,"TCS 4302 P2,S2",0.0,0.0,AoT Node (S) [C],2018/01/01 00:00:00,
001e0610ef66,Waggle_Others,04A,"TCS 4302 P2,S1",0.0,0.0,AoT Node (S) [C],2018/01/01 00:00:00,
001e0610ee8d,Waggle_Others,04B,"TCS 4302 P1,S3",0.0,0.0,AoT Node (S) [C],2018/01/01 00:00:00,
001e0610e8cb,Waggle_Others,054,"CDOT,05/31/2018",0.0,0.0,AoT Chicago (S) [C],2018/01/01 00:00:00,
001e0610f8f6,Waggle_Others,058,"TCS 4302 P1,S8",0.0,0.0,AoT Node (S) [C],2018/01/01 00:00:00,
001e0610fc2d,Waggle_Others,05E,"TCS 4302 P2,S8",0.0,0.0,AoT Node (S) [C],2018/01/01 00:00:00,
001e0610e34e,Waggle_Others,061,pod-less node Seans desk TCS,0.0,0.0,AoT Node (S) [CA],2018/01/01 00:00:00,
001e0610890f,Waggle_Others,074,"TCS 4302 P2,S4",0.0,0.0,AoT Node (S) [C],2018/01/01 00:00:00,
001e06113a24,Waggle_Others,07A,"TCS 4302 P2,S4",0.0,0.0,AoT Node (S) [C],2018/01/01 00:00:00,
001e061144cd,Waggle_Others,07B,"Ashland Ave & Harrison St ,(05/31/2018)",0.0,0.0,AoT Chicago (S) [C],2018/01/01 00:00:00,
001e061144d6,Waggle_Others,07D,"93rd St & Cottage Grove Ave ,(03/30/2018)",0.0,0.0,AoT Chicago (S) [C],2018/01/01 00:00:00,
001e06113d78,Waggle_Others,083,"Cottage Grove Ave & 95th St ,(05/31/2018)",0.0,0.0,AoT Chicago (S) [C],2018/01/01 00:00:00,
001e06113ae8,Waggle_Others,093,Surya,0.0,0.0,AoT Node (S) [C],2018/01/01 00:00:00,
001e061146d4,Waggle_Others,099,"Torrence Ave & Brainard Ave ,(05/31/2018)",0.0,0.0,AoT Chicago (S) [C],2018/01/01 00:00:00,
001e06109401,Waggle_Others,09A,"Cottage Grove Ave & 115th St ,(05/31/2018)",0.0,0.0,AoT Chicago (S) [C],2018/01/01 00:00:00,
001e0611463b,Waggle_Others,0A9,Surya,0.0,0.0,AoT Node (S) [CP],2018/01/01 00:00:00,
001e0611538f,Waggle_Others,0AB,"Surya,02:04/02/18, 03:/04/17/18, 04:/04/23/18",0.0,0.0,AoT Node (S) [C],2018/01/01 00:00:00,
001e06107c9e,Waggle_Others,BRT03,TCS 5E12,0.0,0.0,"Brain on Test, YK",2018/01/01 00:00:00,
001e0610889b,Waggle_Others,IUH0,Phoenix,0.0,0.0,Intel Test Node,2018/01/01 00:00:00,
020000000001,Waggle_Others,LNK5,"10 Hudson Yards, NYC",0.0,0.0,"Indoors, bb-cartlink1",2018/01/01 00:00:00,
001e0610ba64,Waggle_Others,RET,TCS 4302,0.0,0.0,Humidor (T),2018/01/01 00:00:00,
001e06107d97,Waggle_Others,Ret_waggle_006,CBG,0.0,0.0,NU-CBG Uglybox #1,2018/01/01 00:00:00,
001e061131d6,Waggle_Others,SPS1,Surya,0.0,0.0,C1 connected to SPS1,2018/01/01 00:00:00,
001e0610ea32,Waggle_Others,SPS2,Surya,0.0,0.0,C1 connected to SPS2,2018/01/01 00:00:00,
001e06200335,Waggle_Others,THS1,Surya,0.0,0.0,Testing Rig 1,2018/01/01 00:00:00,
020000000000,Waggle_Others,VN0,,0.0,0.0,Virtual Node,2018/01/01 00:00:00,
001e06200162,Waggle_Others,W000,TCS 5th floor,0.0,0.0,"Ugly image collector, YK",2018/01/01 00:00:00,
001e061088bf,Waggle_Others,W001,TCS 3134,0.0,0.0,Uglybox - Pete SaT,2018/01/01 00:00:00,
001e06107e4c,Waggle_Others,W002,,0.0,0.0,None,2018/01/01 00:00:00,
001e061080a7,Waggle_Others,W004,Purdue (12/07/2017),0.0,0.0,Ugly box with solar/wind power,2018/01/01 00:00:00,
001e06107d7f,Waggle_Others,W007,,0.0,0.0,,2018/01/01 00:00:00,
001e061089e5,Waggle_Others,W009,"Chattanooga, TN",0.0,0.0,David Lary's Ugly Box #2,2018/01/01 00:00:00,
001e0620051e,Waggle_Others,W00A,TCS outside,0.0,0.0,David Lary's Ugly Box #3,2018/01/01 00:00:00,
001e06200325,Waggle_Others,W00B,ANL 5th Floor,0.0,0.0,,2018/01/01 00:00:00,
001e061088c8,Waggle_Others,W00X,"Chattanooga, TN",0.0,0.0,David Lary's Ugly Box #1,2018/01/01 00:00:00,
001e06108a8a,Waggle_Others,W037,TCS Outside,0.0,0.0,Waggle node,2018/01/01 00:00:00,
001e0610ef73,Waggle_Others,057,"Bldg 484 Backyard, EVS Field Site",41.701503,-87.994764,AoT Node (S) [C] {Argonne},2018/08/16 00:00:00,
001e0610f725,Waggle_Others,059,"Field by Bldg 484 Backyard, EVS Field Site",41.701272,-87.995976,AoT Node (S) [C] {Argonne},2018/08/16 00:00:00,
001e0610ba46,Waggle_Others,004,State St & Jackson Blvd Chicago IL,41.878377,-87.627678,AoT Chicago (S) [C],2017/10/09 00:00:00,
001e061134f3,Waggle_Others,OZO1,"Bldg 484, EVS Field Site",41.701503,-87.994764,EVS Ozone Node,2018/01/01 00:00:00,
001e06118447,Waggle_Others,09F,"Surya Burn-In, (08/02/2019)",41.922183,-88.062771,AoT Node (S) [CP],2018/01/01 00:00:00,
001e0611849b,Waggle_Others,0AE,"Surya Burn-In, (12/21/2018)",41.922183,-88.062771,AoT Node (S) [CP],2018/01/01 00:00:00,
001e061182a8,Waggle_Others,0B1,"Surya Burn-In, (29/04/2019)",41.922183,-88.062771,AoT Node (S) [CP],2018/01/01 00:00:00,
001e061182b5,Waggle_Others,0B8,"Surya Burn-In, (29/04/2019)",41.922183,-88.062771,AoT Node (S) [CP],2018/01/01 00:00:00,
001e061182b1,Waggle_Others,0B9,"Surya Burn-In, (25/02/2019)",41.922183,-88.062771,AoT Node (S) [CP],2018/01/01 00:00:00,
001e06118577,Waggle_Others,0BB,"Surya Burn-In, (25/02,2019)",41.922183,-88.062771,AoT Node (S) [CP],2018/01/01 00:00:00,
001e061182b4,Waggle_Others,0C4,"Surya Burn-In, (25/02,2019)",41.922183,-88.062771,AoT Node (S) [CP],2018/01/01 00:00:00,
001e06118435,Waggle_Others,0C6,"Surya Burn-In, (25/02,2019)",41.922183,-88.062771,AoT Node (S) [CP],2018/01/01 00:00:00,
001e0611845a,Waggle_Others,0C7,"Surya Burn-In, (25/02,2019)",41.922183,-88.062771,AoT Node (S) [CP],2018/01/01 00:00:00,
001e06118571,Waggle_Others,0C8,"Surya Burn-In, (12/03/2019)",41.922183,-88.062771,AoT Node (S) [CP],2018/01/01 00:00:00,
001e06118364,Waggle_Others,0C9,"Surya Burn-In, (11/03/2019)",41.922183,-88.062771,AoT Node (S) [CP],2018/01/01 00:00:00,
001e06118195,Waggle_Others,0CA,"Surya Burn-In, (11/03/2019)",41.922183,-88.062771,AoT Node (S) [CP],2018/01/01 00:00:00,
001e061184e3,Waggle_Others,0CB,"Surya Burn-In, (11/03/2019)",41.922183,-88.062771,AoT Node (S) [CP],2018/01/01 00:00:00,
001e06117a38,Waggle_Others,0CC,"Surya Burn-In, (15/03/2019)",41.922183,-88.062771,AoT Node (S) [CP],2018/01/01 00:00:00,
001e061182b0,Waggle_Others,0CD,"Surya Burn-In, (18/03/2019)",41.922183,-88.062771,AoT Node (S) [CP],2018/01/01 00:00:00,
001e06117fd0,Waggle_Others,0CE,"Surya Burn-In, (30/04/2019)",41.922183,-88.062771,AoT Node (S) [CP],2018/01/01 00:00:00,
001e06118448,Waggle_Others,0CF,"Surya Burn-In, (08/03/2019)",41.922183,-88.062771,AoT Node (S) [CP],2018/01/01 00:00:00,
001e0611844c,Waggle_Others,0D0,"Surya Burn-In, (08/03/2019)",41.922183,-88.062771,AoT Node (S) [CP],2018/01/01 00:00:00,
001e06117a4b,Waggle_Others,0D1,"Surya Burn-In, (15/03/2019)",41.922183,-88.062771,AoT Node (S) [CP],2018/01/01 00:00:00,
001e061183e4,Waggle_Others,0D2,"Surya Burn-In, (18/03/2019)",41.922183,-88.062771,AoT Node (S) [CP],2018/01/01 00:00:00,
001e06117fd1,Waggle_Others,0D3,"Surya Burn-In, (15/03/2019)",41.922183,-88.062771,AoT Node (S) [CP],2018/01/01 00:00:00,
001e061182b2,Waggle_Others,0D4,"Surya Burn-In, (12/03/2019)",41.922183,-88.062771,AoT Node (S) [CP],2018/01/01 00:00:00,
001e06117b4b,Waggle_Others,0D5,"Surya Burn-In, (06/03/2019)",41.922183,-88.062771,AoT Node (S) [CP],2018/01/01 00:00:00,
001e06117f31,Waggle_Others,0D6,"Surya Burn-In, (05/03/2019)",41.922183,-88.062771,AoT Node (S) [CP],2018/01/01 00:00:00,
001e061182aa,Waggle_Others,0D7,"Surya Burn-In, (12/03/2019)",41.922183,-88.062771,AoT Node (S) [CP],2018/01/01 00:00:00,
001e061183ba,Waggle_Others,0D8,"Surya Burn-In, (12/03/2019)",41.922183,-88.062771,AoT Node (S) [CP],2018/01/01 00:00:00,
001e06117f2e,Waggle_Others,0D9,"Surya Burn-In, (12/03/2019)",41.922183,-88.062771,AoT Node (S) [CP],2018/01/01 00:00:00,
001e061182b3,Waggle_Others,0DA,"Surya Burn-In, (06/03/2019)",41.922183,-88.062771,AoT Node (S) [CP],2018/01/01 00:00:00,
001e06118167,Waggle_Others,0DB,"Surya Burn-In, (05/03/2019)",41.922183,-88.062771,AoT Node (S) [CP],2018/01/01 00:00:00,
001e06117fb4,Waggle_Others,0DC,"Surya Burn-In, (13/03/2019)",41.922183,-88.062771,AoT Node (S) [CP],2018/01/01 00:00:00,
001e06117db3,Waggle_Others,0DD,"Surya Burn-In, (27/02/2019)",41.922183,-88.062771,AoT Node (S) [CP],2018/01/01 00:00:00,
001e061183b9,Waggle_Others,0DF,"Surya Burn-In, (12/03/2019)",41.922183,-88.062771,AoT Node (S) [CP],2018/01/01 00:00:00,
001e061184e5,Waggle_Others,0E0,"Surya Burn-In, (25/02,2019)",41.922183,-88.062771,AoT Node (S) [CP],2018/01/01 00:00:00,
001e0611844a,Waggle_Others,0E3,"Surya Burn-In, (22/02/2019)",41.922183,-88.062771,AoT Node (S) [CP],2018/01/01 00:00:00,
001e0611805a,Waggle_Others,0E5,"Surya Burn-In, (30/04/2019)",41.922183,-88.062771,AoT Node (S) [CP],2018/01/01 00:00:00,
001e061181bc,Waggle_Others,0E6,"Surya Burn-In, (25/02,2019)",41.922183,-88.062771,AoT Node (S) [CP],2018/01/01 00:00:00,
001e061184e1,Waggle_Others,0E8,"Surya Burn-In, (25/02,2019)",41.922183,-88.062771,AoT Node (S) [CP],2018/01/01 00:00:00,
001e061183fe,Waggle_Others,0E9,"Surya Burn-In, (25/02/2019)",41.922183,-88.062771,AoT Node (S) [CP],2018/01/01 00:00:00,
001e06118629,Waggle_Others,0EC,"Surya Burn-In, (26/02/2019)",41.922183,-88.062771,AoT Node (S) [CP],2018/01/01 00:00:00,
001e06117b42,Waggle_Others,0ED,"Surya Burn-In, (25/02/2019)",41.922183,-88.062771,AoT Node (S) [CP],2018/01/01 00:00:00,
001e06117b40,Waggle_Others,0EE,"Surya Burn-In, (25/02/2019)",41.922183,-88.062771,AoT Node (S) [CP],2018/01/01 00:00:00,
001e06117d8e,Waggle_Others,0EF,"Surya Burn-In, (27/02/2019)",41.922183,-88.062771,AoT Node (S) [CP],2018/01/01 00:00:00,
001e061182ac,Waggle_Others,0F0,"Surya Burn-In, (01/03/2019)",41.922183,-88.062771,AoT Node (S) [CP],2018/01/01 00:00:00,
001e06118383,Waggle_Others,0F3,"Surya Burn-In, (18/03/2019)",41.922183,-88.062771,AoT Node (S) [CP],2018/01/01 00:00:00,
001e061184e2,Waggle_Others,0F4,"Surya Burn-In, (18/03/2019)",41.922183,-88.062771,AoT Node (S) [CP],2018/01/01 00:00:00,
001e06117b46,Waggle_Others,0F5,"Surya Burn-In, (18/03/2019)",41.922183,-88.062771,AoT Node (S) [CP],2018/01/01 00:00:00,
001e06117f2c,Waggle_Others,0F6,"Surya Burn-In, (19/03/2019)",41.922183,-88.062771,AoT Node (S) [CP],2018/01/01 00:00:00,
001e06118211,Waggle_Others,0F7,"Surya Burn-In, (19/03/2019)",41.922183,-88.062771,AoT Node (S) [CP],2018/01/01 00:00:00,
001e06117fcc,Waggle_Others,0F8,"Surya Burn-In, (19/03/2019)",41.922183,-88.062771,AoT Node (S) [CP],2018/01/01 00:00:00,
001e06118367,Waggle_Others,0F9,"Surya Burn-In, (19/03/2019)",41.922183,-88.062771,AoT Node (S) [CP],2018/01/01 00:00:00,
001e0611863a,Waggle_Others,0FA,"Surya Burn-In, (18/03/2019)",41.922183,-88.062771,AoT Node (S) [CP],2018/01/01 00:00:00,
001e06118129,Waggle_Others,0FB,"Surya Burn-In, (06/03/2019)",41.922183,-88.062771,AoT Node (S) [CP],2018/01/01 00:00:00,
001e06118164,Waggle_Others,0FC,"Surya Burn-In, (07/03/2019)",41.922183,-88.062771,AoT Node (S) [CP],2018/01/01 00:00:00,
001e06118178,Waggle_Others,0FD,"Surya Burn-In, (01/03/2019)",41.922183,-88.062771,AoT Node (S) [CP],2018/01/01 00:00:00,
001e06117f46,Waggle_Others,0FE,"Surya Burn-In, (04/03/2019)",41.922183,-88.062771,AoT Node (S) [CP],2018/01/01 00:00:00,
001e06117f9f,Waggle_Others,0FF,"Surya Burn-In, (05/03/2019)",41.922183,-88.062771,AoT Node (S) [CP],2018/01/01 00:00:00,
001e061182af,Waggle_Others,100,"Surya Burn-In, (29/04/2019)",41.922183,-88.062771,AoT Node (S) [CP],2018/01/01 00:00:00,
001e06118459,Waggle_Others,101,"Surya Burn-In, (01/02/2019)",41.922183,-88.062771,AoT Node (S) [CP],2018/01/01 00:00:00,
001e061182a5,Waggle_Others,102,"Surya Burn-In, (26/02/2019)",41.922183,-88.062771,AoT Node (S) [CP],2018/01/01 00:00:00,
001e06118407,Waggle_Others,104,"Surya Burn-In, (01/08/2019)",41.922183,-88.062771,AoT Node (S) [CP],2018/01/01 00:00:00,
001e06117f37,Waggle_Others,105,"Surya Burn-In, (27/02/2019)",41.922183,-88.062771,AoT Node (S) [CP],2018/01/01 00:00:00,
001e061184fc,Waggle_Others,106,"Surya Burn-In, (03/04/2019)",41.922183,-88.062771,AoT Node (S) [CP],2018/01/01 00:00:00,
001e06117fd8,Waggle_Others,107,"Surya Burn-In, (28/02/2019)",41.922183,-88.062771,AoT Node (S) [CP],2018/01/01 00:00:00,
001e061181b9,Waggle_Others,108,"Surya Burn-In, (05/04/2019)",41.922183,-88.062771,AoT Node (S) [CP],2018/01/01 00:00:00,
001e0611768b,Waggle_Others,109,"Surya Burn-In, (28/02/2019)",41.922183,-88.062771,AoT Node (S) [CP],2018/01/01 00:00:00,
001e06118366,Waggle_Others,10A,"Surya Burn-In, (02/04/2019)",41.922183,-88.062771,AoT Node (S) [CP],2018/01/01 00:00:00,
001e0611842f,Waggle_Others,10B,"Surya Burn-In, (02/04/2019)",41.922183,-88.062771,AoT Node (S) [CP],2018/01/01 00:00:00,
001e06118572,Waggle_Others,10D,"Surya Burn-In, (20/03/2019)",41.922183,-88.062771,AoT Node (S) [CP],2018/01/01 00:00:00,
001e06118197,Waggle_Others,10F,"Surya Burn-In, (01/04/2019)",41.922183,-88.062771,AoT Node (S) [CP],2018/01/01 00:00:00,
001e06117a4d,Waggle_Others,110,"Surya Burn-In, (05/04/2019)",41.922183,-88.062771,AoT Node (S) [CP],2018/01/01 00:00:00,
001e061184de,Waggle_Others,111,"Surya Burn-In, (03/04/2019)",41.922183,-88.062771,AoT Node (S) [CP],2018/01/01 00:00:00,
001e06118162,Waggle_Others,112,"Surya Burn-In, (29/04/2019)",41.922183,-88.062771,AoT Node (S) [CP],2018/01/01 00:00:00,
001e06118384,Waggle_Others,113,"Surya Burn-In, (24/04/2019)",41.922183,-88.062771,AoT Node (S) [CP],2018/01/01 00:00:00,
001e06117f3b,Waggle_Others,114,"Surya Burn-In, (01/04/2019)",41.922183,-88.062771,AoT Node (S) [CP],2018/01/01 00:00:00,
001e0611815f,Waggle_Others,115,"Surya Burn-In, (24/04/2019)",41.922183,-88.062771,AoT Node (S) [CP],2018/01/01 00:00:00,
001e06118385,Waggle_Others,116,"Surya Burn-In, (03/04/2019)",41.922183,-88.062771,AoT Node (S) [CP],2018/01/01 00:00:00,
001e06118198,Waggle_Others,117,"Surya Burn-In, (29/03/2019)",41.922183,-88.062771,AoT Node (S) [CP],2018/01/01 00:00:00,
001e06118163,Waggle_Others,118,"Surya Burn-In, (29/03/2019)",41.922183,-88.062771,AoT Node (S) [CP],2018/01/01 00:00:00,
001e06117fcb,Waggle_Others,119,"Surya Burn-In, (24/04/2019)",41.922183,-88.062771,AoT Node (S) [CP],2018/01/01 00:00:00,
001e061182be,Waggle_Others,11B,"Surya Burn-In, (26/03/2019)",41.922183,-88.062771,AoT Node (S) [CP],2018/01/01 00:00:00,
001e061183f8,Waggle_Others,11C,"Surya Burn-In, (26/03/2019)",41.922183,-88.062771,AoT Node (S) [CP],2018/01/01 00:00:00,
001e06117f33,Waggle_Others,11D,"Surya Burn-In, (26/03/2019)",41.922183,-88.062771,AoT Node (S) [CP],2018/01/01 00:00:00,
001e06117a53,Waggle_Others,11F,"Surya Burn-In, (27/03/2019)",41.922183,-88.062771,AoT Node (S) [CP],2018/01/01 00:00:00,
001e061182bf,Waggle_Others,120,"Surya Burn-In, (24/04/2019)",41.922183,-88.062771,AoT Node (S) [CP],2018/01/01 00:00:00,
001e06117a33,Waggle_Others,121,"Surya Burn-In, (24/04/2019)",41.922183,-88.062771,AoT Node (S) [CP],2018/01/01 00:00:00,
001e06118434,Waggle_Others,12A,"Surya Burn-In, (24/04/2019)",41.922183,-88.062771,AoT Node (S) [CP],2018/01/01 00:00:00,
001e061182bc,Waggle_Others,12B,"Surya Burn-In, (04/04/2019)",41.922183,-88.062771,AoT Node (S) [CP],2018/01/01 00:00:00,
001e06117f9e,Waggle_Others,12C,"Surya Burn-In, (20/03/2019)",41.922183,-88.062771,AoT Node (S) [CP],2018/01/01 00:00:00,
001e061181b5,Waggle_Others,12D,"Surya Burn-In, (24/04/2019)",41.922183,-88.062771,AoT Node (S) [CP],2018/01/01 00:00:00,
001e061184e0,Waggle_Others,12E,"Surya Burn-In, (04/03/2019)",41.922183,-88.062771,AoT Node (S) [CP],2018/01/01 00:00:00,
001e06118450,Waggle_Others,12F,"Surya Burn-In, (01/03/2019)",41.922183,-88.062771,AoT Node (S) [CP],2018/01/01 00:00:00,
001e061182b6,Waggle_Others,130,"Surya Burn-In, (01/03/2019)",41.922183,-88.062771,AoT Node (S) [CP],2018/01/01 00:00:00,
001e061182b7,Waggle_Others,131,"Surya Burn-In, (07/03/2019)",41.922183,-88.062771,AoT Node (S) [CP],2018/01/01 00:00:00,
001e06118128,Waggle_Others,138,"Surya Burn-In, (01/03/2019)",41.922183,-88.062771,AoT Node (S) [CP],2018/01/01 00:00:00,
001e06117f36,Waggle_Others,139,"Surya Burn-In, (01/03/2019)",41.922183,-88.062771,AoT Node (S) [CP],2018/01/01 00:00:00,
001e061181ba,Waggle_Others,13A,"Surya Burn-In, (27/03/2019)",41.922183,-88.062771,AoT Node (S) [CP],2018/01/01 00:00:00,
001e061182c0,Waggle_Others,13C,"Surya Burn-In, (21/03/2019)",41.922183,-88.062771,AoT Node (S) [CP],2018/01/01 00:00:00,
001e06117a4f,Waggle_Others,13D,"Surya Burn-In, (28/02/2019)",41.922183,-88.062771,AoT Node (S) [CP],2018/01/01 00:00:00,
001e061183bd,Waggle_Others,13E,"Surya Burn-In, (28/02/2019)",41.922183,-88.062771,AoT Node (S) [CP],2018/01/01 00:00:00,
001e06117f30,Waggle_Others,13F,"Surya Burn-In, (28/02/2019)",41.922183,-88.062771,AoT Node (S) [CP],2018/01/01 00:00:00,
001e0611849c,Waggle_Others,140,"Surya Burn-In, (19/03/2019)",41.922183,-88.062771,AoT Node (S) [CP],2018/01/01 00:00:00,
001e06118381,Waggle_Others,141,"Surya Burn-In, (19/03/2019)",41.922183,-88.062771,AoT Node (S) [CP],2018/01/01 00:00:00,
001e06117fb1,Waggle_Others,142,"Surya Burn-In, (19/03/2019)",41.922183,-88.062771,AoT Node (S) [CP],2018/01/01 00:00:00,
001e061181bb,Waggle_Others,143,"Surya Burn-In, (20/03/2019)",41.922183,-88.062771,AoT Node (S) [CP],2018/01/01 00:00:00,
001e0611849e,Waggle_Others,145,"Surya Burn-In, (20/03/2019)",41.922183,-88.062771,AoT Node (S) [CP],2018/01/01 00:00:00,
001e061183bb,Waggle_Others,0F1,"Surya Burn-In",41.922183,-88.062771,AoT Node (S) [CP],2018/01/01 00:00:00,
001e0610941b,Waggle_Others,078,"CDOT,05/31/2018",0.0,0.0,AoT Chicago (S) [C],2018/01/01 00:00:00,
001e0611850f,Waggle_Others,0AF,"CDOT (2019/02/15)",0.0,0.0,AoT Chicago (S) [CP],2018/01/01 00:00:00,
001e06118502,Waggle_Others,0B2,"CDOT (2019/02/15)",0.0,0.0,AoT Chicago (S) [CP],2018/01/01 00:00:00,
001e0611856d,Waggle_Others,0B3,"CDOT (2019/02/15)",0.0,0.0,AoT Chicago (S) [CP],2018/01/01 00:00:00,
001e061184a3,Waggle_Others,0B4,"CDOT (2019/02/15)",0.0,0.0,AoT Chicago (S) [CP],2018/01/01 00:00:00,
001e06117b44,Waggle_Others,0B5,"CDOT (2019/02/15)",0.0,0.0,AoT Chicago (S) [CP],2018/01/01 00:00:00,
001e061183f3,Waggle_Others,0B7,"CDOT (2019/02/15)",0.0,0.0,AoT Chicago (S) [CP],2018/01/01 00:00:00,
001e061183f5,Waggle_Others,0BF,"CDOT (2019/02/15)",0.0,0.0,AoT Chicago (S) [CP],2018/01/01 00:00:00,
001e061182a7,Waggle_Others,0C0,"CDOT (2019/02/15)",0.0,0.0,AoT Chicago (S) [CP],2018/01/01 00:00:00,
001e06118404,Waggle_Others,0B6,Argonne TCS Outside,41.718434,-87.981958,AoT Node (S) [CP],2018/01/01 00:00:00,
001e0611805d,Waggle_Others,0DE,"Surya Burn_in, (23/05/2019)",41.922183,-88.062771,AoT Node (S) [CP],2019/05/01 00:00:00,
001e06118178,Waggle_Others,0FD,"Surya Burn_in, (23/05/2019)",41.922183,-88.062771,AoT Node (S) [CP],2019/05/01 00:00:00,
001e061181b5,Waggle_Others,12D,"Surya Burn_in, (23/05/2019)",41.922183,-88.062771,AoT Node (S) [CP],2019/05/01 00:00:00,
001e0611845b,Waggle_Others,144,"Surya Burn_in, (23/05/2019)",41.922183,-88.062771,AoT Node (S) [CP],2019/05/01 00:00:00,
001e06117a37,Waggle_Others,11B,"Surya Burn_in, (23/05/2019)",41.922183,-88.062771,AoT Node (S) [CP],2019/05/01 00:00:00,
001e06118057,Waggle_Others,0C6,"Surya Burn_in, (23/05/2019)",41.922183,-88.062771,AoT Node (S) [CP],2019/05/01 00:00:00,
001e061182ae,Waggle_Others,0CC,"Surya Burn_in, (23/05/2019)",41.922183,-88.062771,AoT Node (S) [CP],2019/05/01 00:00:00,
001e06117a36,Waggle_Others,0DD,"Surya Burn_in, (23/05/2019)",41.922183,-88.062771,AoT Node (S) [CP],2019/05/01 00:00:00,
001e06117fcf,Waggle_Others,0DB,"Surya Burn_in, (23/05/2019)",41.922183,-88.062771,AoT Node (S) [CP],2019/05/01 00:00:00,
001e061182bb,Waggle_Others,110,"Surya Burn_in, (23/05/2019)",41.922183,-88.062771,AoT Node (S) [CP],2019/05/01 00:00:00,
